{
    "loss": 8.617741584777832,
    "accuracy": 0.5686274766921997
}