{
    "loss": 0.09386489540338516,
    "accuracy": 0.9901960492134094
}